{"initial_reset_timestamp": 1560679247.8198106, "timestamps": [1560679251.8448093, 1560679255.3457584, 1560679255.9919634, 1560679256.5590918, 1560679257.1152158, 1560679257.6681, 1560679258.223017, 1560679258.776198, 1560679262.212042, 1560679262.838257, 1560679263.3843343, 1560679263.9287348, 1560679264.47445, 1560679265.0155723, 1560679265.558093, 1560679266.099558, 1560679266.643423, 1560679267.1850667, 1560679267.7242122, 1560679268.265062, 1560679268.8077226, 1560679269.3460143, 1560679269.8875659, 1560679270.4349108, 1560679270.97403, 1560679271.514448, 1560679272.0582602, 1560679275.4778373, 1560679276.108899, 1560679276.6496503, 1560679277.4645784], "episode_lengths": [200, 200, 200, 200, 200, 200, 200, 200, 200, 200, 200, 200, 200, 200, 200, 200, 200, 200, 200, 200, 200, 200, 200, 200, 200, 200, 200, 200, 200, 200, 200], "episode_rewards": [-1589.6555184978174, -1180.8319205735456, -1135.812160900319, -1616.8160199186295, -1333.498340042377, -1399.9014162754172, -1524.8356778646842, -835.5426048836545, -1480.1303018755857, -633.0699028152845, -1182.724530798049, -1805.003779625291, -1070.0072109564296, -1254.338720715129, -1104.2502901118867, -1178.0495943107094, -955.1698770763684, -1760.975911107167, -1577.5160484648636, -1518.534677436809, -1512.4101017516234, -1229.4608855955166, -1303.8460031792297, -1731.4961835799472, -1284.1482500069449, -1644.7465628011064, -859.1295095772311, -1723.1321377363497, -1255.60767355674, -1369.1805759203155, -1238.984738851613], "episode_types": ["t", "t", "t", "t", "t", "t", "t", "t", "t", "t", "t", "t", "t", "t", "t", "t", "t", "t", "t", "t", "t", "t", "t", "t", "t", "t", "t", "t", "t", "t", "t"]}