{"initial_reset_timestamp": 1560700006.8757372, "timestamps": [1560700010.863611, 1560700014.4303727, 1560700015.0498579, 1560700015.5711362, 1560700016.1117733, 1560700016.6617124, 1560700017.1827145, 1560700017.7056742, 1560700021.163414, 1560700021.8057373, 1560700022.331111, 1560700022.8532143, 1560700023.383491, 1560700023.9074907, 1560700024.4303432, 1560700024.9525082, 1560700025.4724598, 1560700025.994303, 1560700026.5165346, 1560700027.0675917, 1560700027.5908394, 1560700028.11039, 1560700028.6304774, 1560700029.1596386, 1560700029.6796362, 1560700030.2000413, 1560700030.7200043, 1560700034.1634414, 1560700034.7826345, 1560700035.301319, 1560700035.8222728, 1560700036.525601, 1560700037.8032954, 1560700039.1881275, 1560700040.510463, 1560700041.9111662, 1560700043.2905414, 1560700044.737373, 1560700046.193628, 1560700047.7158518, 1560700049.140363, 1560700050.6268752, 1560700052.1798494, 1560700053.6455293, 1560700055.1756887, 1560700056.5074477, 1560700057.9969354, 1560700059.5137026, 1560700061.1286778, 1560700062.6563573, 1560700064.188501, 1560700065.7181635, 1560700067.2790747, 1560700068.7814586, 1560700070.3522897, 1560700071.7415855, 1560700073.3803687, 1560700074.9834397, 1560700076.602383, 1560700078.14891, 1560700079.5267978, 1560700081.1407807, 1560700082.5166845, 1560700084.0012116, 1560700090.8698163, 1560700093.496632, 1560700094.4995432, 1560700095.2172549, 1560700096.8624868, 1560700098.918405, 1560700101.3373961, 1560700103.7236512, 1560700105.9754899, 1560700108.3538089, 1560700110.5247996, 1560700112.732992, 1560700115.0235183, 1560700117.341821, 1560700119.989468, 1560700122.318683, 1560700124.7778509, 1560700127.3342326, 1560700129.7924078, 1560700132.0363102, 1560700134.5346618, 1560700136.6347244, 1560700138.9708846, 1560700141.2976182], "episode_lengths": [200, 200, 200, 200, 200, 200, 200, 200, 200, 200, 200, 200, 200, 200, 200, 200, 200, 200, 200, 200, 200, 200, 200, 200, 200, 200, 200, 200, 200, 200, 200, 200, 200, 200, 200, 200, 200, 200, 200, 200, 200, 200, 200, 200, 200, 200, 200, 200, 200, 200, 200, 200, 200, 200, 200, 200, 200, 200, 200, 200, 200, 200, 200, 200, 200, 200, 200, 200, 200, 200, 200, 200, 200, 200, 200, 200, 200, 200, 200, 200, 200, 200, 200, 200, 200, 200, 200, 200], "episode_rewards": [-1014.8652596068481, -1181.790148977806, -1224.4195854464608, -1012.1445332684716, -1681.9448587110803, -1468.7479290658764, -1197.8143990437593, -1301.8896958944315, -1288.7942254055254, -1190.6034410576929, -1607.7017541801542, -1409.5051865545815, -1174.4143624018216, -1060.0854547730619, -1023.9490447284782, -1322.842091968645, -1144.7586455633834, -1435.5042947840886, -1178.939549979727, -1810.9408705328647, -1206.3519638563832, -1169.9872016590925, -1291.8350342132828, -1199.5133538709235, -1555.9895707993096, -1187.716268696247, -1192.971319533711, -1161.405898987038, -1064.9065175076407, -1064.2686157625014, -1077.5388945044144, -1062.3384537502457, -1197.2138853221038, -1134.7237821976305, -1209.8735686331142, -1176.0152600508607, -1319.9837055382463, -1240.9555740635485, -1238.2476150606863, -1175.0066182761598, -1155.5962028173485, -1304.1941583361208, -1184.4754090952445, -1162.233372293859, -1582.9987637849576, -1210.97010304523, -1219.6836631398642, -1190.7808631975133, -1020.4804989524719, -1189.5526043664179, -1159.0296836723196, -1237.318688788889, -1025.8164467496622, -1229.1444822629016, -1181.7514602290291, -1577.1986912088696, -992.402717053665, -1204.15891079754, -1274.786496347159, -1195.2158922878436, -1151.7580252401901, -1198.8398316767298, -1326.933105760813, -1333.7184041806215, -1295.289312224877, -1184.0983020584827, -1319.7063994035175, -1181.0083569098983, -1181.4788539322767, -1134.306778560747, -1169.0585406061641, -1127.4472963578876, -1196.9023723524717, -1173.888000008119, -1060.1845442484612, -1155.0269219966863, -1397.339920795696, -1077.6653506636032, -1270.3609892892705, -1310.6072953221935, -1172.8917158187276, -1157.5621287454587, -1274.8939008712089, -1301.205677144486, -1187.7134073912123, -1343.8105188868162, -1212.2750116908194, -1329.6914325479431], "episode_types": ["t", "t", "t", "t", "t", "t", "t", "t", "t", "t", "t", "t", "t", "t", "t", "t", "t", "t", "t", "t", "t", "t", "t", "t", "t", "t", "t", "t", "t", "t", "t", "t", "t", "t", "t", "t", "t", "t", "t", "t", "t", "t", "t", "t", "t", "t", "t", "t", "t", "t", "t", "t", "t", "t", "t", "t", "t", "t", "t", "t", "t", "t", "t", "t", "t", "t", "t", "t", "t", "t", "t", "t", "t", "t", "t", "t", "t", "t", "t", "t", "t", "t", "t", "t", "t", "t", "t", "t"]}