{"initial_reset_timestamp": 1560667268.4405217, "timestamps": [1560667272.5073078], "episode_lengths": [200], "episode_rewards": [-1334.148384569752], "episode_types": ["t"]}