{"initial_reset_timestamp": 1560678872.1984522, "timestamps": [1560678876.4662776, 1560678880.0827239, 1560678880.7701693, 1560678881.349208, 1560678881.9090798, 1560678882.481524, 1560678883.0358667, 1560678883.5884888, 1560678887.0672586, 1560678887.6948023, 1560678888.2409482, 1560678888.7832808, 1560678889.3259642, 1560678889.8684545, 1560678890.4134958, 1560678890.9548764, 1560678891.4974065, 1560678892.0327528, 1560678892.5746763, 1560678893.1144419, 1560678893.6537325, 1560678894.1924407, 1560678894.7319798, 1560678895.2724361, 1560678895.8120456, 1560678896.3500485, 1560678896.8850265, 1560678900.3336308, 1560678900.9542933, 1560678901.6259987, 1560678902.9567657, 1560678904.3500295, 1560678905.8593566, 1560678907.2908113, 1560678908.7827811, 1560678910.3005397, 1560678911.726539, 1560678913.2775297, 1560678914.8260407, 1560678916.4603603, 1560678964.8615072, 1560678965.9343545, 1560678966.7681298, 1560678967.8424659, 1560678969.0507202, 1560678970.619072, 1560678972.9130712, 1560678975.227406, 1560678977.545213, 1560678979.847148, 1560678982.5419145], "episode_lengths": [200, 200, 200, 200, 200, 200, 200, 200, 200, 200, 200, 200, 200, 200, 200, 200, 200, 200, 200, 200, 200, 200, 200, 200, 200, 200, 200, 200, 200, 200, 200, 200, 200, 200, 200, 200, 200, 200, 200, 200, 200, 200, 200, 200, 200, 200, 200, 200, 200, 200, 200], "episode_rewards": [-1212.296125265494, -1800.854740039611, -1348.062663218445, -1330.9960134849418, -1115.8663249580345, -1448.9189292040546, -1204.0076578083617, -1479.9550046962054, -1247.315904986635, -1354.806875140506, -1404.4732371696357, -1325.1244375903427, -1364.6827173469637, -1529.1441019877977, -1389.9385553909094, -1435.5986080160787, -1284.9196887566486, -1025.232451254928, -1656.7498186454825, -1362.0666699537553, -1369.4841286458382, -1321.7164167157284, -1237.4125503714872, -1285.495146176353, -1204.1342675055932, -1123.901215174311, -1196.484413332451, -1378.8306743489388, -1314.7705699056594, -1055.0001517745898, -1428.5471299478268, -1555.05278982345, -1362.7907115721403, -1377.2870706776637, -1316.5338292357499, -1339.7593699457036, -1367.228107398663, -1411.946037134568, -1277.8933814254115, -1424.54925770018, -1360.3251189528196, -1256.624136616038, -1293.0368558111209, -1346.4153442900938, -1151.4771387574037, -1166.6397367602974, -1311.3019553881422, -1201.442436368139, -1163.229013485379, -1365.591013348069, -1202.6209584662054], "episode_types": ["t", "t", "t", "t", "t", "t", "t", "t", "t", "t", "t", "t", "t", "t", "t", "t", "t", "t", "t", "t", "t", "t", "t", "t", "t", "t", "t", "t", "t", "t", "t", "t", "t", "t", "t", "t", "t", "t", "t", "t", "t", "t", "t", "t", "t", "t", "t", "t", "t", "t", "t"]}