{"initial_reset_timestamp": 1560699866.3660634, "timestamps": [1560699870.3000903, 1560699873.8157427], "episode_lengths": [200, 200], "episode_rewards": [-960.2327017416014, -1323.1260472926815], "episode_types": ["t", "t"]}