{"initial_reset_timestamp": 1560634200.3992188, "timestamps": [1560634204.3884614, 1560634207.8891711, 1560634208.5119975, 1560634209.0560493, 1560634209.6003647, 1560634210.145048, 1560634210.7288365, 1560634211.2718008, 1560634214.7056963, 1560634215.3240933, 1560634215.8640778, 1560634216.4052393, 1560634216.9465034, 1560634217.489227, 1560634218.0286493, 1560634218.593972, 1560634219.1316955, 1560634219.6739154, 1560634220.213962, 1560634220.753105, 1560634221.2921216, 1560634221.8307276, 1560634222.3701808, 1560634222.9201913, 1560634223.4634223, 1560634224.0000253, 1560634224.5380256, 1560634227.9548683, 1560634228.5676694, 1560634229.1091993, 1560634229.700959, 1560634230.829854, 1560634232.3064458, 1560634233.6744137, 1560634235.1882048, 1560634236.7689557, 1560634238.2058673, 1560634239.8853226, 1560634241.319258, 1560634242.8404891, 1560634293.0272353, 1560634294.210194, 1560634295.3509939, 1560634296.4699688, 1560634298.0174887, 1560634300.412126, 1560634302.7502697, 1560634305.1196604, 1560634307.6165235, 1560634309.918459, 1560634312.1231773, 1560634314.6656725, 1560634316.9552069, 1560634319.1976223, 1560634321.6414135, 1560634323.86994, 1560634326.1321948, 1560634328.5978103, 1560634330.8213773, 1560634333.5796316, 1560634336.0462387, 1560634338.4191015, 1560634340.7478209, 1560634343.2580757, 1560634365.136625, 1560634368.5882888, 1560634370.1050553, 1560634371.7116017, 1560634373.2576299, 1560634374.8899655, 1560634376.4414527, 1560634377.9408603, 1560634379.435804, 1560634380.9709222, 1560634382.467354, 1560634384.1473064, 1560634385.616953, 1560634387.1391761, 1560634388.6628883, 1560634390.0859115, 1560634391.5654778, 1560634444.213375, 1560634446.722142, 1560634448.8613884, 1560634451.4237237, 1560634453.7574024, 1560634456.2502975, 1560634458.335481, 1560634460.7589364, 1560634463.1233664, 1560634465.4629972, 1560634468.0421956, 1560634470.399187, 1560634472.554306, 1560634474.9117935, 1560634476.927536, 1560634479.2230241, 1560634481.3349905, 1560634483.5590544, 1560634485.5227165, 1560634487.5121722, 1560634489.1524427, 1560634490.7297218, 1560634492.3521376, 1560634493.8832889, 1560634495.5572882, 1560634497.0413196, 1560634498.6696868, 1560634500.1299102, 1560634501.6322935, 1560634503.1654294, 1560634504.6980686, 1560634506.3145313, 1560634507.9215713, 1560634509.486946, 1560634511.0354571, 1560634512.6563845, 1560634514.2797916, 1560634515.733071, 1560634517.4189749, 1560634518.928302, 1560634520.470861, 1560634574.5963411, 1560634576.8114765, 1560634579.0201633, 1560634599.7241864, 1560634607.6011603, 1560634609.6213658, 1560634611.5954454, 1560634613.6692202, 1560634615.3893468, 1560634617.1526284, 1560634618.8152182, 1560634620.4460652, 1560634622.136928, 1560634623.8024964], "episode_lengths": [200, 200, 200, 200, 200, 200, 200, 200, 200, 200, 200, 200, 200, 200, 200, 200, 200, 200, 200, 200, 200, 200, 200, 200, 200, 200, 200, 200, 200, 200, 200, 200, 200, 200, 200, 200, 200, 200, 200, 200, 200, 200, 200, 200, 200, 200, 200, 200, 200, 200, 200, 200, 200, 200, 200, 200, 200, 200, 200, 200, 200, 200, 200, 200, 200, 200, 200, 200, 200, 200, 200, 200, 200, 200, 200, 200, 200, 200, 200, 200, 200, 200, 200, 200, 200, 200, 200, 200, 200, 200, 200, 200, 200, 200, 200, 200, 200, 200, 200, 200, 200, 200, 200, 200, 200, 200, 200, 200, 200, 200, 200, 200, 200, 200, 200, 200, 200, 200, 200, 200, 200, 200, 200, 200, 200, 200, 200, 200, 200, 200, 200, 200, 200, 200, 200, 200], "episode_rewards": [-1422.0658389381517, -1175.8652020008276, -1257.9238740235346, -1363.0542583745546, -1278.872212075185, -1343.7517980661398, -1286.2975139971704, -1547.8259573352118, -1292.9988167744064, -1333.1455981141003, -1196.6248539238145, -1159.8561163958304, -1132.1349778070928, -1332.6421266421205, -1741.0888469387114, -1241.3793561589284, -1150.730126217763, -1172.318100082297, -1669.2837009584184, -1153.6044753584792, -1456.2476889192935, -1254.1811612521856, -1345.9681197363445, -1213.1073030780046, -1358.238093102586, -1168.9130508239816, -1083.4247670521074, -1202.5929217685368, -1304.0586371208617, -1497.7090839194457, -1283.9629456707205, -1254.7088469768407, -1210.2168528717416, -1258.1271902502785, -1263.8836902174992, -1170.7882167712826, -1553.8025114585298, -1391.1270320073302, -1044.2048758527467, -1217.8484250522008, -1516.2058527408074, -1515.4708913052198, -879.7331416132771, -1321.8518489011049, -1160.7283737073726, -1240.5937475847459, -1020.622981774973, -1155.443839146968, -1306.844819169897, -1118.7476977739557, -1217.8029053439593, -1007.0014294360996, -1216.3228179037626, -1201.0112052304012, -1283.214435064063, -1180.3881323905155, -1251.2082705747262, -1138.6150576907569, -1266.395131756458, -1271.1498986971696, -1309.4282811287517, -1289.4840944247092, -1189.0826552756064, -1191.648059840321, -1177.7183290960354, -1514.070893806159, -1277.410560431666, -1242.1870756211542, -1210.5701896429146, -1268.9406848847996, -1177.7162031150895, -1313.2331972918494, -1215.8058510031208, -1208.2245441069629, -1222.3005018948043, -1251.951485071295, -1104.0412866444049, -1105.0886490072935, -1004.8039551757464, -1340.3516360103554, -1331.3050356953142, -886.8972105012244, -1171.523491159322, -1254.8109666877194, -1013.2959340691068, -761.1655752535527, -1134.1375098272315, -1249.230083584151, -1181.411130618638, -1221.5779486043243, -1192.2765289636359, -1280.556683142655, -1025.0066690638866, -1290.506131779811, -1188.4788976210075, -1189.5086121461434, -1203.1178175004345, -1181.9958834965366, -1064.9253186105657, -1196.5510202513558, -1305.058959932152, -1251.9497214801622, -1285.557061411674, -1333.6041743416324, -1274.6192308372663, -1199.9328930455981, -999.9168079189748, -1181.8079119006943, -1275.3740771710002, -1290.017515720415, -1176.4906516810256, -1069.9111010113209, -1287.582489362233, -1230.2828951417289, -1281.0340644217608, -1257.0126258192558, -1107.8159958117026, -1118.4935419380631, -1191.2833118879757, -1289.1532886826358, -1154.8068484910075, -1191.1976387360387, -1156.0070540118902, -1127.6023718581407, -1142.8222247064796, -1006.4688012179611, -1042.5530992613237, -996.9755132809257, -1166.1037874730728, -866.6850444486932, -1132.2935920727862, -1046.940550762435, -1278.0656480689415, -1259.4009926082751, -1047.1354031650824, -977.0848200033732], "episode_types": ["t", "t", "t", "t", "t", "t", "t", "t", "t", "t", "t", "t", "t", "t", "t", "t", "t", "t", "t", "t", "t", "t", "t", "t", "t", "t", "t", "t", "t", "t", "t", "t", "t", "t", "t", "t", "t", "t", "t", "t", "t", "t", "t", "t", "t", "t", "t", "t", "t", "t", "t", "t", "t", "t", "t", "t", "t", "t", "t", "t", "t", "t", "t", "t", "t", "t", "t", "t", "t", "t", "t", "t", "t", "t", "t", "t", "t", "t", "t", "t", "t", "t", "t", "t", "t", "t", "t", "t", "t", "t", "t", "t", "t", "t", "t", "t", "t", "t", "t", "t", "t", "t", "t", "t", "t", "t", "t", "t", "t", "t", "t", "t", "t", "t", "t", "t", "t", "t", "t", "t", "t", "t", "t", "t", "t", "t", "t", "t", "t", "t", "t", "t", "t", "t", "t", "t", "t"]}