{"initial_reset_timestamp": 1560675963.073446, "timestamps": [1560675968.6896966, 1560675972.2062056, 1560675972.8384717, 1560675973.398845, 1560675973.9485905, 1560675974.4989557, 1560675975.0459676, 1560675975.5978532, 1560675979.0903325, 1560675979.7990842, 1560675980.5128536, 1560675981.0879304, 1560675981.642035, 1560675982.186488, 1560675982.7231903, 1560675983.2779791, 1560675983.8331563, 1560675984.3834836, 1560675984.9264665, 1560675985.4649065, 1560675986.0088124, 1560675986.573862, 1560675987.1179996, 1560675987.6708846, 1560675988.2189355, 1560675988.7663243, 1560675989.3082244, 1560675993.1000338, 1560675995.767025, 1560675997.2490716, 1560675998.698879, 1560676000.2444146, 1560676001.7115827, 1560676003.3141575, 1560676004.8353887, 1560676006.1691318, 1560676007.6789556, 1560676009.0935462, 1560676010.5364108, 1560676011.9470336, 1560676055.8445015, 1560676057.0502777, 1560676059.0501494, 1560676060.8630278, 1560676062.7527864, 1560676064.5557458, 1560676066.6711853, 1560676068.744464, 1560676070.8365917, 1560676073.0551984, 1560676075.8893409], "episode_lengths": [200, 200, 200, 200, 200, 200, 200, 200, 200, 200, 200, 200, 200, 200, 200, 200, 200, 200, 200, 200, 200, 200, 200, 200, 200, 200, 200, 200, 200, 200, 200, 200, 200, 200, 200, 200, 200, 200, 200, 200, 200, 200, 200, 200, 200, 200, 200, 200, 200, 200, 200], "episode_rewards": [-1761.4204891184036, -1325.6217860018826, -1184.5829949069844, -1595.552822016861, -1148.142653989956, -1655.3743236887929, -1774.910274656882, -1262.236649131301, -1525.339128962266, -1198.2100994827777, -1338.2742851925166, -1304.2660628525737, -1304.1844270794893, -1346.9093133007855, -1066.976556992593, -1726.5381209474672, -1606.9799844106856, -1289.1862687639168, -1530.4764663486712, -1283.3483858469108, -1390.8711549926059, -1774.0848457672914, -1262.3681482308614, -1479.1283414237196, -1062.6784661561326, -1328.8722328109225, -1410.3414429803838, -1393.4232950272828, -1178.2818639580405, -1399.8038529261498, -1594.9158279537073, -1331.734818353671, -1181.0135509430543, -1196.676210614077, -1181.8636712814152, -1330.3711996031318, -1207.5291013210585, -1650.2994883606261, -1754.8705073063602, -1330.081321000152, -1650.1810959084912, -897.5259553991461, -1081.3045435467754, -1063.7296141891254, -1557.618659472452, -1096.6857103755408, -1166.0165928721165, -1530.0042566412965, -1506.7327057580019, -1047.0346036692067, -1003.3010711871402], "episode_types": ["t", "t", "t", "t", "t", "t", "t", "t", "t", "t", "t", "t", "t", "t", "t", "t", "t", "t", "t", "t", "t", "t", "t", "t", "t", "t", "t", "t", "t", "t", "t", "t", "t", "t", "t", "t", "t", "t", "t", "t", "t", "t", "t", "t", "t", "t", "t", "t", "t", "t", "t"]}