{"initial_reset_timestamp": 1560711169.9397252, "timestamps": [1560711174.1132805, 1560711177.6293995, 1560711178.2762477, 1560711178.8283644, 1560711179.3823278, 1560711179.9310381, 1560711180.4799893, 1560711181.0261014, 1560711184.4463155, 1560711185.0673141, 1560711185.6066782, 1560711186.1450818, 1560711186.6836624, 1560711187.2156363, 1560711187.7460692, 1560711188.2821352, 1560711188.8186605, 1560711189.352359, 1560711189.882005, 1560711190.4163017, 1560711190.9501073, 1560711191.4834473, 1560711192.0186188, 1560711192.571128, 1560711193.1020641, 1560711193.6480887, 1560711194.182965, 1560711197.5952506, 1560711198.2217662, 1560711198.7530673, 1560711199.3899453, 1560711200.7157533, 1560711202.196312, 1560711203.714567, 1560711205.1494956, 1560711206.575494, 1560711207.9330459, 1560711209.2365327, 1560711210.6516201, 1560711212.1396194, 1560711258.0354717, 1560711259.5810065, 1560711260.9197104, 1560711261.6294858, 1560711262.8283167, 1560711264.6015167, 1560711267.0353882, 1560711269.408746, 1560711271.7523456, 1560711273.9580564, 1560711276.2634637], "episode_lengths": [200, 200, 200, 200, 200, 200, 200, 200, 200, 200, 200, 200, 200, 200, 200, 200, 200, 200, 200, 200, 200, 200, 200, 200, 200, 200, 200, 200, 200, 200, 200, 200, 200, 200, 200, 200, 200, 200, 200, 200, 200, 200, 200, 200, 200, 200, 200, 200, 200, 200, 200], "episode_rewards": [-1689.4513862614308, -1815.183677484071, -1437.3008821358135, -1382.7381493015066, -1081.25215435659, -1411.32842695628, -1719.6956924801086, -1685.721885049865, -1500.1176811608111, -1150.6432527786442, -1389.9142934019362, -1309.742472332742, -1701.0120034980916, -1780.3127263467538, -1604.3868268459585, -1246.0357043121965, -1470.558079720554, -1734.9655660808035, -1556.5908369940373, -1481.398015927471, -1357.1087342862386, -1782.6635227632923, -1783.758450046346, -1372.9016383719281, -1181.7489556883882, -1481.3398214009378, -1383.0797857058624, -1351.13311513707, -1166.0383732716787, -1313.6157411675435, -1685.7348579428055, -1264.3590013974024, -1184.0303513733481, -1793.6024514888138, -1672.5705938515055, -1435.7507331806873, -1237.8907195847034, -1220.0382145388144, -1535.6275626186032, -1685.871426427005, -1200.952550164965, -1399.6879692694897, -1694.1192793835821, -1565.3761103341074, -1476.8053588720443, -1321.9294663722017, -1839.1483888645282, -1514.882714363382, -1322.9975538210763, -1193.0834012168878, -1488.0907335001984], "episode_types": ["t", "t", "t", "t", "t", "t", "t", "t", "t", "t", "t", "t", "t", "t", "t", "t", "t", "t", "t", "t", "t", "t", "t", "t", "t", "t", "t", "t", "t", "t", "t", "t", "t", "t", "t", "t", "t", "t", "t", "t", "t", "t", "t", "t", "t", "t", "t", "t", "t", "t", "t"]}