{"initial_reset_timestamp": 1560679595.24482, "timestamps": [1560679599.2409062, 1560679602.8073804, 1560679603.4352174, 1560679603.986351, 1560679604.5355356, 1560679605.0889199, 1560679605.638785, 1560679606.185937, 1560679609.623205, 1560679610.2386508, 1560679610.779386, 1560679611.3192344, 1560679611.860298, 1560679612.3953218, 1560679612.9328017, 1560679613.470267, 1560679614.0086594, 1560679614.547929, 1560679615.0853407, 1560679615.622617, 1560679616.1596093, 1560679616.6955953, 1560679617.2315118, 1560679617.7658885, 1560679618.3027067, 1560679618.8374357, 1560679619.3762825, 1560679622.7899342, 1560679623.4254575, 1560679623.967089, 1560679624.5677445], "episode_lengths": [200, 200, 200, 200, 200, 200, 200, 200, 200, 200, 200, 200, 200, 200, 200, 200, 200, 200, 200, 200, 200, 200, 200, 200, 200, 200, 200, 200, 200, 200, 200], "episode_rewards": [-1428.9924267048007, -1219.089690108733, -1202.917520680044, -1727.5487959956642, -1464.548941710301, -1691.7850854160909, -1614.0174111543356, -1433.2524327687136, -1370.5503510162673, -1387.1291252105623, -1419.3366222600646, -1513.9237940948133, -1648.9291881627219, -1261.8773450720746, -1462.9746660801957, -1324.7893634285492, -1088.4461645991898, -1432.2231495014444, -1456.220505923249, -1387.835294454929, -1274.5478264319293, -1392.596310237113, -1786.5848354676455, -1265.00851682424, -1262.1423046612285, -1628.2868031205617, -1499.849296217629, -1276.8560005924858, -1517.4392622922996, -1618.81470997002, -1720.2481029347096], "episode_types": ["t", "t", "t", "t", "t", "t", "t", "t", "t", "t", "t", "t", "t", "t", "t", "t", "t", "t", "t", "t", "t", "t", "t", "t", "t", "t", "t", "t", "t", "t", "t"]}