{"initial_reset_timestamp": 1560680048.6274576, "timestamps": [1560680052.5010211, 1560680055.9844277, 1560680056.62835, 1560680057.1867023, 1560680057.7400486, 1560680058.2890007, 1560680058.8687735, 1560680059.493734, 1560680062.934508, 1560680063.5754735, 1560680064.118592, 1560680064.655876, 1560680065.2302403, 1560680065.7759473, 1560680066.3156626, 1560680066.8547654, 1560680067.3938076, 1560680067.9296968, 1560680068.4712358, 1560680069.0068934, 1560680069.544246, 1560680070.0884035, 1560680070.6281517, 1560680071.1643436, 1560680071.7016504, 1560680072.2389667, 1560680072.7742894, 1560680076.199805, 1560680076.838754, 1560680077.4031744, 1560680078.002995], "episode_lengths": [200, 200, 200, 200, 200, 200, 200, 200, 200, 200, 200, 200, 200, 200, 200, 200, 200, 200, 200, 200, 200, 200, 200, 200, 200, 200, 200, 200, 200, 200, 200], "episode_rewards": [-1356.4720507678044, -1403.2089471622407, -1299.0123106250348, -984.7768266035918, -1177.0499196247986, -1362.9318720691208, -1084.9901889609955, -1082.2387099766004, -1089.3443911760048, -1489.2648847469563, -1151.8125015615465, -1374.8957811096927, -1663.4676399549678, -1087.1708074726812, -1305.5060259196023, -1415.1583045438713, -1086.937352397383, -1372.4173734638644, -1683.863376032915, -1644.4884017172212, -1309.1003147281901, -1553.0894074208697, -1114.6851699824272, -1177.3126889051725, -857.8143607951998, -1189.2154664346845, -1128.2866230013403, -1470.333552965346, -1798.3280434062442, -1238.5008994196194, -1384.1476226146492], "episode_types": ["t", "t", "t", "t", "t", "t", "t", "t", "t", "t", "t", "t", "t", "t", "t", "t", "t", "t", "t", "t", "t", "t", "t", "t", "t", "t", "t", "t", "t", "t", "t"]}