{"initial_reset_timestamp": 1560699921.5794816, "timestamps": [1560699925.5826201, 1560699929.0824518, 1560699929.707966, 1560699930.254817, 1560699930.7988384, 1560699931.3710048, 1560699931.926749, 1560699932.4673052, 1560699935.881147, 1560699936.5086257, 1560699937.0815647, 1560699937.6188905, 1560699938.163578, 1560699938.696724, 1560699939.2285976, 1560699939.7591052, 1560699940.288438, 1560699940.8167696, 1560699941.3493133, 1560699941.87669, 1560699942.458994, 1560699942.9754636, 1560699943.505156, 1560699944.0413086, 1560699944.5709007, 1560699945.0997882, 1560699945.6256878, 1560699949.030759, 1560699949.64539, 1560699950.170405, 1560699950.7430553, 1560699951.8273108, 1560699953.0559022, 1560699954.4213898, 1560699955.7238848, 1560699957.0526683, 1560699958.2941558, 1560699959.6621232, 1560699961.3867147, 1560699962.7179778, 1560699964.0680895, 1560699965.393401, 1560699966.7836888, 1560699968.0415437, 1560699969.4596074, 1560699970.9416544], "episode_lengths": [200, 200, 200, 200, 200, 200, 200, 200, 200, 200, 200, 200, 200, 200, 200, 200, 200, 200, 200, 200, 200, 200, 200, 200, 200, 200, 200, 200, 200, 200, 200, 200, 200, 200, 200, 200, 200, 200, 200, 200, 200, 200, 200, 200, 200, 200], "episode_rewards": [-1603.978434981196, -1454.1877411936846, -1753.5595262886632, -1296.5910105076557, -1493.5595420816724, -1315.2963063475715, -1523.28180451376, -1812.5659744831946, -1525.142022391156, -1220.3487789931485, -964.572237593788, -1698.9401558994741, -1689.0962100574327, -1287.502975275522, -1399.4623389483493, -1714.5227538856996, -1757.9145700955362, -1171.4282013117636, -1706.1266059396953, -1391.729252472249, -1775.3896461480417, -1100.1597110051277, -1307.597900562161, -1718.502549383583, -1536.791975102458, -1770.315829710859, -1375.2013021100809, -1738.095877292557, -1460.1963798728118, -1418.4086068582749, -1248.1116958674652, -1472.3495897984812, -1376.3525705182178, -1504.6856665138419, -1616.6172037067524, -1021.5747959565084, -1401.8700088493968, -1187.1436589736147, -1570.0975955575334, -1387.3378804315282, -1481.3611451636007, -1026.9319705381533, -1296.4900158956423, -1376.7010902977797, -1144.6545813220062, -1507.9848704303315], "episode_types": ["t", "t", "t", "t", "t", "t", "t", "t", "t", "t", "t", "t", "t", "t", "t", "t", "t", "t", "t", "t", "t", "t", "t", "t", "t", "t", "t", "t", "t", "t", "t", "t", "t", "t", "t", "t", "t", "t", "t", "t", "t", "t", "t", "t", "t", "t", "t"]}