{"initial_reset_timestamp": 1560666695.783611, "timestamps": [1560666699.8325028, 1560666703.3486376, 1560666704.0038974, 1560666704.5592103, 1560666705.1118166, 1560666705.6678329, 1560666706.2173848, 1560666706.7652512, 1560666710.1826115, 1560666710.8277688, 1560666711.3702035, 1560666711.9136024, 1560666712.4543834, 1560666712.994591, 1560666713.5348537, 1560666714.070134, 1560666714.6073196, 1560666715.1472855, 1560666715.6844804, 1560666716.2209198, 1560666716.7544706, 1560666717.2884216, 1560666717.8204234, 1560666718.3545413, 1560666718.8885114, 1560666719.426495, 1560666719.9862726, 1560666723.4481058, 1560666724.0853596, 1560666724.6862488, 1560666725.655432, 1560666727.0630794, 1560666728.481143, 1560666730.0187426, 1560666731.4244056, 1560666732.779477, 1560666734.2049809, 1560666735.7247243, 1560666737.2474432, 1560666738.626818, 1560666791.797499, 1560666793.234411, 1560666794.7700257, 1560666796.7034335, 1560666798.730088, 1560666800.732439, 1560666803.4475427, 1560666806.370965, 1560666809.0935075, 1560666811.9633622, 1560666815.4269288, 1560666818.155919, 1560666820.9538546, 1560666824.039469, 1560666826.7515962, 1560666829.4210665, 1560666832.1312091, 1560666834.9207122, 1560666837.6516867, 1560666840.4034934, 1560666843.166708, 1560666845.878339, 1560666848.7878742, 1560666851.5059526, 1560666872.392999, 1560666877.5047731, 1560666879.1162765, 1560666880.477301, 1560666881.9638114, 1560666883.3099546, 1560666884.655602, 1560666886.1698892, 1560666887.490737, 1560666888.81952, 1560666890.3481917, 1560666891.6844146, 1560666892.9978225, 1560666894.4511018, 1560666895.794269, 1560666897.1820765, 1560666898.656189, 1560666955.7804825, 1560666958.3557136, 1560666961.1278565, 1560666963.796831, 1560666966.5645108, 1560666969.2324927, 1560666971.9282517, 1560666974.5158827, 1560666977.2265213, 1560666980.2918003, 1560666983.0579906, 1560666985.8598936, 1560666988.8949158, 1560666991.612003, 1560666994.2586572, 1560666997.1592646, 1560666999.7439191, 1560667002.5909576, 1560667005.3308609, 1560667007.955692], "episode_lengths": [200, 200, 200, 200, 200, 200, 200, 200, 200, 200, 200, 200, 200, 200, 200, 200, 200, 200, 200, 200, 200, 200, 200, 200, 200, 200, 200, 200, 200, 200, 200, 200, 200, 200, 200, 200, 200, 200, 200, 200, 200, 200, 200, 200, 200, 200, 200, 200, 200, 200, 200, 200, 200, 200, 200, 200, 200, 200, 200, 200, 200, 200, 200, 200, 200, 200, 200, 200, 200, 200, 200, 200, 200, 200, 200, 200, 200, 200, 200, 200, 200, 200, 200, 200, 200, 200, 200, 200, 200, 200, 200, 200, 200, 200, 200, 200, 200, 200, 200, 200, 200], "episode_rewards": [-1208.5506749320232, -1621.803973974228, -1179.474522607498, -1373.559701284741, -1400.8998107505863, -1394.2991468551197, -1179.2881740907094, -1401.6732198792843, -1256.7034927192738, -1028.8792046439735, -1320.47100932309, -1264.114449119722, -1338.937829626635, -1347.966542132946, -1547.3081935073058, -1236.2544057784517, -1294.949547671918, -1622.2830824189525, -1227.5510046695927, -1156.1895282788466, -1112.319384854172, -1346.9434461927542, -1378.1472755372354, -1341.0421930287355, -1251.232574108449, -1259.5284897893466, -1329.4140034805346, -1010.1814401077086, -1642.4858519235997, -1353.8458202176575, -1227.1660140186266, -1318.6461868961783, -1096.4174865733958, -1227.9714658292003, -1310.0469486686834, -1118.5015844401355, -1256.0723577175077, -890.5225710396587, -1224.1719693849411, -1199.3813439587616, -1236.0409769035887, -1473.1290135504782, -1367.0119579723014, -1525.9706190266393, -1494.2161426265432, -1597.882952365755, -1572.0429742677331, -1407.254521459405, -1327.4469793309327, -1500.4536576129835, -1517.503073382347, -1409.040959548067, -1596.1283181790911, -1520.9431612781277, -1339.5368477495717, -1520.558403907597, -1638.6677616180639, -1500.5338356143275, -1150.3294328667318, -1355.8191022921799, -1572.937411549747, -1114.6268562537634, -1449.7957193984553, -950.2296270845554, -1494.0168279974257, -1035.052586549308, -1268.64687802452, -1618.8958984067651, -1506.642582233636, -1268.683279567193, -1405.5482235841641, -1404.3475463678178, -1625.1838571234518, -1594.4279219061857, -1172.3118797708828, -1599.983956060269, -1442.2117001177555, -1255.5303028375624, -1507.7550106246695, -1041.2941511273787, -1502.7876054746534, -1547.7165461493307, -1514.3219096798807, -1551.954460129864, -1524.3049971342293, -1600.6489880986023, -1602.9955618184401, -1439.460839898445, -1162.9921174081778, -1321.415082482462, -1550.7772979723934, -1492.248918822345, -1118.9976731860338, -1354.2021057783904, -1183.922375588975, -1507.7067602288384, -1321.5187552348004, -1354.4299373535737, -1536.533753586968, -1507.0170078367366, -918.3887017642872], "episode_types": ["t", "t", "t", "t", "t", "t", "t", "t", "t", "t", "t", "t", "t", "t", "t", "t", "t", "t", "t", "t", "t", "t", "t", "t", "t", "t", "t", "t", "t", "t", "t", "t", "t", "t", "t", "t", "t", "t", "t", "t", "t", "t", "t", "t", "t", "t", "t", "t", "t", "t", "t", "t", "t", "t", "t", "t", "t", "t", "t", "t", "t", "t", "t", "t", "t", "t", "t", "t", "t", "t", "t", "t", "t", "t", "t", "t", "t", "t", "t", "t", "t", "t", "t", "t", "t", "t", "t", "t", "t", "t", "t", "t", "t", "t", "t", "t", "t", "t", "t", "t", "t", "t"]}