{"initial_reset_timestamp": 1560668403.2051117, "timestamps": [1560668407.2097182], "episode_lengths": [200], "episode_rewards": [-1321.5796514256335], "episode_types": ["t"]}