{"initial_reset_timestamp": 1560699805.5671136, "timestamps": [1560699809.666608], "episode_lengths": [200], "episode_rewards": [-1175.942605872183], "episode_types": ["t", "t"]}