{"initial_reset_timestamp": 1560679731.266665, "timestamps": [1560679735.1721387, 1560679738.7051067, 1560679739.3503726, 1560679739.897214, 1560679740.4419446, 1560679740.9862502, 1560679741.5310986, 1560679742.0753586, 1560679745.5224981, 1560679746.155504, 1560679746.6974947, 1560679747.2350225, 1560679747.7741938, 1560679748.3105228, 1560679748.846245, 1560679749.3830974, 1560679749.9204016, 1560679750.4581199, 1560679750.9957504, 1560679751.532175, 1560679752.0708895, 1560679752.626018, 1560679753.162444, 1560679753.7139952, 1560679754.257611, 1560679754.7858498, 1560679755.3155782, 1560679758.7544186, 1560679759.3913925, 1560679759.9221044, 1560679760.5127826], "episode_lengths": [200, 200, 200, 200, 200, 200, 200, 200, 200, 200, 200, 200, 200, 200, 200, 200, 200, 200, 200, 200, 200, 200, 200, 200, 200, 200, 200, 200, 200, 200, 200], "episode_rewards": [-1523.9141614453777, -1361.1961605089966, -1166.8161960286097, -1181.3930037538757, -1180.5129066011757, -1778.129144628963, -1586.9365969697164, -1461.3092732041598, -1123.5551057519874, -1174.0917047486844, -1044.1621146243335, -1348.890360234049, -1044.993066262393, -1287.93019974677, -1418.4580265503014, -1613.9947439865477, -1137.9790619086732, -1071.1075002582836, -1509.8167897284834, -1305.231148094735, -1744.1355705298015, -1236.4085738976162, -1236.8845698594853, -1185.071686852596, -1280.3780598660342, -1586.1721813789015, -1467.5280171048507, -1587.4194834589493, -1311.644935428743, -1138.513417858051, -1093.108551645696], "episode_types": ["t", "t", "t", "t", "t", "t", "t", "t", "t", "t", "t", "t", "t", "t", "t", "t", "t", "t", "t", "t", "t", "t", "t", "t", "t", "t", "t", "t", "t", "t", "t"]}